{
 "women": {
  "Tights": [
   "Women",
   "Active",
   "Bottomwear",
   "Tights"
  ],
  "Track Pants": [
   "Women",
   "Western",
   "Bottomwear",
   "Track Pants"
  ],
  "Sports shoes": [
   "Women",
   "Active",
   "Footwear",
   "Sports shoes"
  ],
  "Bikini": [
   "Women",
   "Active",
   "Swimwear",
   "Bikini"
  ],
  "Swimsuit": [
   "Women",
   "Active",
   "Swimwear",
   "Swimsuit"
  ],
  "Tops": [
   "Women",
   "Western",
   "Topwear",
   "Tops"
  ],
  "Tshirts": [
   "Women",
   "Western",
   "Topwear",
   "Tshirts"
  ],
  "Bra": [
   "Women",
   "Western",
   "Innerwear",
   "Bra"
  ],
  "Churidars": [
   "Women",
   "Ethnic",
   "Bottomwear",
   "Churidars"
  ],
  "Leggings": [
   "Women",
   "Western",
   "Bottomwear",
   "Leggings"
  ],
  "Palazzos": [
   "Women",
   "Ethnic",
   "Bottomwear",
   "Palazzos"
  ],
  "Salwars": [
   "Women",
   "Ethnic",
   "Bottomwear",
   "Salwars"
  ],
  "Skirts": [
   "Women",
   "Western",
   "Bottomwear",
   "Skirts"
  ],
  "Dresses": [
   "Women",
   "Western",
   "Dresses and Jumpsuit",
   "Dresses"
  ],
  "Dress Materials": [
   "Women",
   "Ethnic",
   "Dress Materials",
   "Dress Materials"
  ],
  "Dupattas": [
   "Women",
   "Ethnic",
   "Dupattas",
   "Dupattas"
  ],
  "Lehenga": [
   "Women",
   "Ethnic",
   "Lehenga",
   "Lehenga"
  ],
  "Sarees": [
   "Women",
   "Ethnic",
   "Sarees",
   "Sarees"
  ],
  "Shawls": [
   "Women",
   "Ethnic",
   "Shawls",
   "Shawls"
  ],
  "Anarkali": [
   "Women",
   "Ethnic",
   "Suits",
   "Anarkali"
  ],
  "Kurta": [
   "Women",
   "Ethnic",
   "Suits",
   "Kurta"
  ],
  "Blouse": [
   "Women",
   "Ethnic",
   "Topwear",
   "Blouse"
  ],
  "Kurtas": [
   "Women",
   "Ethnic",
   "Topwear",
   "Kurtas"
  ],
  "Kurtis": [
   "Women",
   "Ethnic",
   "Topwear",
   "Kurtis"
  ],
  "Tunics": [
   "Women",
   "Ethnic",
   "Topwear",
   "Tunics"
  ],
  "Cape": [
   "Women",
   "Ethnic",
   "Outerwear",
   "Cape"
  ],
  "Jacket": [
   "Women",
   "Ethnic",
   "Outerwear",
   "Jacket"
  ],
  "Bath": [
   "Women",
   "Generic",
   "Beauty and Hygiene",
   "Bath"
  ],
  "Body": [
   "Women",
   "Generic",
   "Beauty and Hygiene",
   "Body"
  ],
  "Fragrances": [
   "Women",
   "Generic",
   "Beauty and Hygiene",
   "Fragrances"
  ],
  "Hair Care": [
   "Women",
   "Generic",
   "Beauty and Hygiene",
   "Hair Care"
  ],
  "Skin care": [
   "Women",
   "Generic",
   "Beauty and Hygiene",
   "Skin care"
  ],
  "Boots": [
   "Women",
   "Generic",
   "Footwear",
   "Boots"
  ],
  "Flats": [
   "Women",
   "Generic",
   "Footwear",
   "Flats"
  ],
  "Floaters": [
   "Women",
   "Generic",
   "Footwear",
   "Floaters"
  ],
  "Heels": [
   "Women",
   "Generic",
   "Footwear",
   "Heels"
  ],
  "Bags": [
   "Women",
   "Western",
   "Accessories",
   "Bags"
  ],
  "Belts": [
   "Women",
   "Western",
   "Accessories",
   "Belts"
  ],
  "Gloves": [
   "Women",
   "Western",
   "Accessories",
   "Gloves"
  ],
  "Hair accessories": [
   "Women",
   "Western",
   "Accessories",
   "Hair accessories"
  ],
  "Handkerchiefs": [
   "Women",
   "Western",
   "Accessories",
   "Handkerchiefs"
  ],
  "Hats": [
   "Women",
   "Western",
   "Accessories",
   "Hats"
  ],
  "Jewellery": [
   "Women",
   "Western",
   "Accessories",
   "Jewellery"
  ],
  "Scarves": [
   "Women",
   "Western",
   "Accessories",
   "Scarves"
  ],
  "Spectacles": [
   "Women",
   "Western",
   "Accessories",
   "Spectacles"
  ],
  "Sunglasses": [
   "Women",
   "Western",
   "Accessories",
   "Sunglasses"
  ],
  "Wallets": [
   "Women",
   "Western",
   "Accessories",
   "Wallets"
  ],
  "Capris": [
   "Women",
   "Western",
   "Bottomwear",
   "Capris"
  ],
  "Shorts": [
   "Women",
   "Western",
   "Bottomwear",
   "Shorts"
  ],
  "Trousers": [
   "Women",
   "Western",
   "Bottomwear",
   "Trousers"
  ],
  "Jumpsuits": [
   "Women",
   "Western",
   "Dresses and Jumpsuit",
   "Jumpsuits"
  ],
  "Cardigans": [
   "Women",
   "Western",
   "Outerwear",
   "Cardigans"
  ],
  "Coats": [
   "Women",
   "Western",
   "Outerwear",
   "Coats"
  ],
  "Hoodies": [
   "Women",
   "Western",
   "Outerwear",
   "Hoodies"
  ],
  "Jackets": [
   "Women",
   "Western",
   "Outerwear",
   "Jackets"
  ],
  "Shrugs": [
   "Women",
   "Western",
   "Outerwear",
   "Shrugs"
  ],
  "Sweaters": [
   "Women",
   "Western",
   "Outerwear",
   "Sweaters"
  ],
  "Sweathshirts": [
   "Women",
   "Western",
   "Outerwear",
   "Sweathshirts"
  ],
  "Shirts": [
   "Women",
   "Western",
   "Topwear",
   "Shirts"
  ],
  "Lingerie": [
   "Women",
   "Western",
   "Innerwear",
   "Lingerie"
  ],
  "Briefs": [
   "Women",
   "Western",
   "Innerwear",
   "Briefs"
  ]
 },
 "men": {
  "T-Shirts": [
   "Men",
   "Western",
   "Topwear",
   "T-Shirts"
  ],
  "Casual Shirts": [
   "Men",
   "Western",
   "Topwear",
   "Casual Shirts"
  ],
  "Formal Shirts": [
   "Men",
   "Western",
   "Topwear",
   "Formal Shirts"
  ],
  "Sweatshirts": [
   "Men",
   "Western",
   "Outerwear",
   "Sweatshirts"
  ],
  "Sweaters": [
   "Men",
   "Western",
   "Topwear",
   "Sweaters"
  ],
  "Jackets": [
   "Men",
   "Western",
   "Outerwear",
   "Jackets"
  ],
  "Blazers": [
   "Men",
   "Western",
   "Outerwear",
   "Blazers"
  ],
  "Suits": [
   "Men",
   "Western",
   "Outerwear",
   "Suits"
  ],
  "Rain Jackets": [
   "Men",
   "Western",
   "Outerwear",
   "Rain Jackets"
  ],
  "Jeans": [
   "Men",
   "Western",
   "Bottomwear",
   "Jeans"
  ],
  "Trousers": [
   "Men",
   "Western",
   "Bottomwear",
   "Trousers"
  ],
  "Joggers": [
   "Men",
   "Western",
   "Bottomwear",
   "Joggers"
  ],
  "Shorts": [
   "Men",
   "Western",
   "Bottomwear",
   "Shorts"
  ],
  "Track Pants": [
   "Men",
   "Active",
   "Bottomwear",
   "Track Pants"
  ],
  "Briefs": [
   "Men",
   "Innerwear",
   "Innerwear",
   "Briefs"
  ],
  "Boxers": [
   "Men",
   "Innerwear",
   "Innerwear",
   "Boxers"
  ],
  "Vests": [
   "Men",
   "Innerwear",
   "Innerwear",
   "Vests"
  ],
  "Sleepwear": [
   "Men",
   "Innerwear",
   "Innerwear",
   "Sleepwear"
  ],
  "Thermals": [
   "Men",
   "Innerwear",
   "Innerwear",
   "Thermals"
  ],
  "Casual Shoes": [
   "Men",
   "Generic",
   "Footwear",
   "Casual Shoes"
  ],
  "Formal Shoes": [
   "Men",
   "Generic",
   "Footwear",
   "Formal Shoes"
  ],
  "Sneakers": [
   "Men",
   "Generic",
   "Footwear",
   "Sneakers"
  ],
  "Sandals": [
   "Men",
   "Generic",
   "Footwear",
   "Sandals"
  ],
  "Flip Flops": [
   "Men",
   "Generic",
   "Footwear",
   "Flip Flops"
  ],
  "Socks": [
   "Men",
   "Generic",
   "Footwear",
   "Socks"
  ],
  "Sports Shoes": [
   "Men",
   "Generic",
   "Footwear",
   "Sports Shoes"
  ],
  "Sports Sandals": [
   "Men",
   "Generic",
   "Footwear",
   "Sports Sandals"
  ],
  "Active T-Shirts": [
   "Men",
   "Active",
   "Topwear",
   "Active T-Shirts"
  ],
  "Tracksuits": [
   "Men",
   "Active",
   "Outerwear",
   "Tracksuits"
  ],
  "Body Mists": [
   "Men",
   "Generic",
   "Beauty and Hygiene",
   "Body Mists"
  ],
  "Sports Accessories": [
   "Men",
   "Active",
   "Accessories",
   "Sports Accessories"
  ],
  "Swimwear": [
   "Men",
   "Active",
   "Swimwear",
   "Swimwear"
  ],
  "Wallets": [
   "Men",
   "Generic",
   "Accessories",
   "Wallets"
  ],
  "Belts": [
   "Men",
   "Generic",
   "Accessories",
   "Belts"
  ],
  "Perfumes": [
   "Men",
   "Generic",
   "Beauty and Hygiene",
   "Perfumes"
  ],
  "Trimmers": [
   "Men",
   "Generic",
   "Accessories",
   "Trimmers"
  ],
  "Deodorants": [
   "Men",
   "Generic",
   "Beauty and Hygiene",
   "Deodorants"
  ],
  "Ties": [
   "Men",
   "Generic",
   "Accessories",
   "Ties"
  ],
  "Accessory Gift Sets": [
   "Men",
   "Generic",
   "Accessories",
   "Accessory Gift Sets"
  ],
  "Caps": [
   "Men",
   "Generic",
   "Accessories",
   "Caps"
  ],
  "Mufflers": [
   "Men",
   "Generic",
   "Accessories",
   "Mufflers"
  ],
  "Phone Cases": [
   "Men",
   "Generic",
   "Accessories",
   "Phone Cases"
  ],
  "Rings": [
   "Men",
   "Generic",
   "Accessories",
   "Rings"
  ],
  "Helmets": [
   "Men",
   "Generic",
   "Accessories",
   "Helmets"
  ],
  "Smart Wearables": [
   "Men",
   "Generic",
   "Accessories",
   "Smart Wearables"
  ],
  "Fitness Gadgets": [
   "Men",
   "Generic",
   "Accessories",
   "Fitness Gadgets"
  ],
  "Headphones": [
   "Men",
   "Generic",
   "Accessories",
   "Headphones"
  ],
  "Speakers": [
   "Men",
   "Generic",
   "Accessories",
   "Speakers"
  ],
  "Wristwear": [
   "Men",
   "Generic",
   "Accessories",
   "Wristwear"
  ],
  "Scarves": [
   "Men",
   "Generic",
   "Accessories",
   "Scarves"
  ],
  "Gloves": [
   "Men",
   "Generic",
   "Accessories",
   "Gloves"
  ],
  "Bags": [
   "Men",
   "Generic",
   "Accessories",
   "Bags"
  ],
  "Luggages": [
   "Men",
   "Generic",
   "Accessories",
   "Luggages"
  ],
  "Backpacks": [
   "Men",
   "Generic",
   "Accessories",
   "Backpacks"
  ],
  "Trolleys": [
   "Men",
   "Generic",
   "Accessories",
   "Trolleys"
  ],
  "Hats": [
   "Men",
   "Generic",
   "Accessories",
   "Hats"
  ],
  "Cufflinks": [
   "Men",
   "Generic",
   "Accessories",
   "Cufflinks"
  ],
  "Pocket Squares": [
   "Men",
   "Generic",
   "Accessories",
   "Pocket Squares"
  ],
  "Personal Care": [
   "Men",
   "Generic",
   "Beauty and Hygiene",
   "Personal Care"
  ],
  "Sunglasses": [
   "Men",
   "Generic",
   "Accessories",
   "Sunglasses"
  ],
  "Watches": [
   "Men",
   "Generic",
   "Accessories",
   "Watches"
  ],
  "Grooming": [
   "Men",
   "Generic",
   "Accessories",
   "Grooming"
  ],
  "Frames": [
   "Men",
   "Generic",
   "Accessories",
   "Frames"
  ],
  "Kurtas": [
   "Men",
   "Ethnic",
   "Festivewear",
   "Kurtas"
  ],
  "Sherwanis": [
   "Men",
   "Ethnic",
   "Festivewear",
   "Sherwanis"
  ],
  "Nehru Jackets": [
   "Men",
   "Ethnic",
   "Festivewear",
   "Nehru Jackets"
  ],
  "Dhotis": [
   "Men",
   "Ethnic",
   "Festivewear",
   "Dhotis"
  ],
  "Coats": [
   "Men",
   "Ethnic",
   "Outerwear",
   "Coats"
  ],
  "Trunks": [
   "Men",
   "Western",
   "Innerwear",
   "Trunks"
  ],
  "Loungewear": [
   "Men",
   "Western",
   "Innerwear",
   "Loungewear"
  ],
  "Floaters": [
   "Men",
   "Western",
   "Footwear",
   "Floaters"
  ]
 },
 "kids": {
  "T-Shirts": [
   "Kids",
   "Western",
   "Topwear",
   "T-Shirts"
  ],
  "Shirts": [
   "Kids",
   "Western",
   "Topwear",
   "Shirts"
  ],
  "Shorts": [
   "Kids",
   "Western",
   "Bottomwear",
   "Shorts"
  ],
  "Jeans": [
   "Kids",
   "Western",
   "Bottomwear",
   "Jeans"
  ],
  "Trousers": [
   "Kids",
   "Western",
   "Bottomwear",
   "Trousers"
  ],
  "Clothing Sets": [
   "Kids",
   "Western",
   "Sets",
   "Clothing Sets"
  ],
  "Ethnic Wear": [
   "Kids",
   "Ethnic",
   "Sets",
   "Ethnic Wear"
  ],
  "Track Pants ": [
   "Kids",
   "Western",
   "Bottomwear",
   "Track Pants "
  ],
  "Jacket": [
   "Kids",
   "Western",
   "Outwear",
   "Jacket"
  ],
  "Innerwear": [
   "Kids",
   "Western",
   "Innerwear",
   "Innerwear"
  ],
  "Pyjamas": [
   "Kids",
   "Western",
   "Bottomwear",
   "Pyjamas"
  ],
  "Sweater ": [
   "Kids",
   "Western",
   "Outwear",
   "Sweater "
  ],
  "Sleepwear": [
   "Kids",
   "Western",
   "Sleepwear",
   "Sleepwear"
  ],
  " Sweatshirts": [
   "Kids",
   "Western",
   "Outwear",
   " Sweatshirts"
  ],
  "Dresses": [
   "Kids",
   "Western",
   "Dresses and Jumpsuit",
   "Dresses"
  ],
  "Tops": [
   "Kids",
   "Western",
   "Topwear",
   "Tops"
  ],
  "Tshirts": [
   "Kids",
   "Western",
   "Topwear",
   "Tshirts"
  ],
  "Ethnic wear": [
   "Kids",
   "Ethnic",
   "Ethnic",
   "Ethnic wear"
  ],
  "Dungarees": [
   "Kids",
   "Western",
   "Dresses and Jumpsuit",
   "Dungarees"
  ],
  "Skirts": [
   "Kids",
   "Western",
   "Bottomwear",
   "Skirts"
  ],
  "Tights": [
   "Kids",
   "Western",
   "Bottomwear",
   "Tights"
  ],
  "Jumpsuits": [
   "Kids",
   "Western",
   "Dresses and Jumpsuit",
   "Jumpsuits"
  ],
  "shorts": [
   "Kids",
   "Western",
   "Bottomwear",
   "shorts"
  ],
  "Leggings": [
   "Kids",
   "Western",
   "Bottomwear",
   "Leggings"
  ],
  "Capris": [
   "Kids",
   "Western",
   "Bottomwear",
   "Capris"
  ],
  "Sweatshirts": [
   "Kids",
   "Western",
   "Outwear",
   "Sweatshirts"
  ],
  "Sweater": [
   "Kids",
   "Western",
   "Outwear",
   "Sweater"
  ],
  "Casual Shoes": [
   "Kids",
   "Generic",
   "Footwear",
   "Casual Shoes"
  ],
  "Sports Shoes": [
   "Kids",
   "Generic",
   "Footwear",
   "Sports Shoes"
  ],
  "Sandals": [
   "Kids",
   "Generic",
   "Footwear",
   "Sandals"
  ],
  "Flip flops": [
   "Kids",
   "Generic",
   "Footwear",
   "Flip flops"
  ],
  "School Shoes": [
   "Kids",
   "Generic",
   "Footwear",
   "School Shoes"
  ],
  "Flats": [
   "Kids",
   "Generic",
   "Footwear",
   "Flats"
  ],
  "Heels": [
   "Kids",
   "Generic",
   "Footwear",
   "Heels"
  ],
  "Rompers": [
   "Kids",
   "Western",
   "Sleepwear",
   "Rompers"
  ],
  "Bottom wear": [
   "Kids",
   "Western",
   "Bottomwear",
   "Bottom wear"
  ],
  "Winter Wear": [
   "Kids",
   "Western",
   "Outwear",
   "Winter Wear"
  ],
  "Infants Accessories": [
   "Kids",
   "Generic",
   "Accessories",
   "Infants Accessories"
  ],
  "Onesies": [
   "Kids",
   "Western",
   "Sleepwear",
   "Onesies"
  ],
  "Bags": [
   "Kids",
   "Generic",
   "Accessories",
   "Bags"
  ],
  "Watches": [
   "Kids",
   "Generic",
   "Accessories",
   "Watches"
  ],
  "Jewellery": [
   "Kids",
   "Generic",
   "Accessories",
   "Jewellery"
  ],
  "Eyewear": [
   "Kids",
   "Generic",
   "Accessories",
   "Eyewear"
  ],
  "Backpacks": [
   "Kids",
   "Generic",
   "Accessories",
   "Backpacks"
  ],
  "Hair Accessories": [
   "Kids",
   "Generic",
   "Accessories",
   "Hair Accessories"
  ],
  "Home & Bath": [
   "Kids",
   "Generic",
   "Accessories",
   "Home & Bath"
  ]
 }
}